ID,label
0,Finance
1,Environment
2,Science
3,Finance
4,Environment
5,Science
6,Politics
7,Travel
8,Fashion
9,Education
10,Health
11,Entertainment
12,Technology
13,Fashion
14,Entertainment
15,Education
16,Food
17,Science
18,Environment
19,Travel
20,Politics
21,Environment
22,Environment
23,Travel
24,Health
25,Entertainment
26,Politics
27,Entertainment
28,Entertainment
29,Environment
30,Travel
31,Education
32,Politics
33,Finance
34,Science
35,Entertainment
36,Fashion
37,Politics
38,Environment
39,Politics
40,Food
41,Finance
42,Travel
43,Environment
44,Travel
45,Sports
46,Travel
47,Environment
48,Science
49,Environment
50,Food
51,Education
52,Travel
53,Entertainment
54,Environment
55,Health
56,Politics
57,Technology
58,Sports
59,Sports
60,Education
61,Health
62,Education
63,Travel
64,Fashion
65,Food
66,Sports
67,Environment
68,Sports
69,Health
70,Finance
71,Health
72,Technology
73,Health
74,Environment
75,Finance
76,Food
77,Politics
78,Entertainment
79,Health
80,Fashion
81,Politics
82,Environment
83,Finance
84,Health
85,Entertainment
86,Health
87,Politics
88,Education
89,Environment
90,Science
91,Technology
92,Health
93,Fashion
94,Science
95,Technology
96,Politics
97,Food
98,Education
99,Environment
100,Sports
101,Environment
102,Politics
103,Finance
104,Environment
105,Entertainment
106,Education
107,Travel
108,Education
109,Food
110,Environment
111,Fashion
112,Environment
113,Finance
114,Fashion
115,Politics
116,Entertainment
117,Environment
118,Health
119,Environment
120,Environment
121,Health
122,Politics
123,Health
124,Fashion
125,Health
126,Environment
127,Education
128,Politics
129,Education
130,Environment
131,Science
132,Health
133,Health
134,Entertainment
135,Health
136,Finance
137,Food
138,Travel
139,Science
140,Sports
141,Fashion
142,Finance
143,Environment
144,Finance
145,Environment
146,Technology
147,Finance
148,Entertainment
149,Food
150,Fashion
151,Travel
152,Fashion
153,Fashion
154,Politics
155,Environment
156,Travel
157,Fashion
158,Entertainment
159,Fashion
160,Science
161,Education
162,Travel
163,Education
164,Environment
165,Environment
166,Education
167,Science
168,Science
169,Environment
170,Fashion
171,Politics
172,Food
173,Health
174,Entertainment
175,Fashion
176,Health
177,Environment
178,Politics
179,Science
180,Health
181,Food
182,Fashion
183,Environment
184,Health
185,Fashion
186,Education
187,Technology
188,Finance
189,Education
190,Fashion
191,Education
192,Environment
193,Politics
194,Environment
195,Health
196,Health
197,Finance
198,Environment
199,Fashion
200,Environment
201,Technology
202,Education
203,Entertainment
204,Sports
205,Entertainment
206,Finance
207,Sports
208,Travel
209,Environment
210,Politics
211,Politics
212,Travel
213,Travel
214,Entertainment
215,Science
216,Politics
217,Health
218,Travel
219,Sports
220,Education
221,Environment
222,Health
223,Travel
224,Education
225,Technology
226,Politics
227,Health
228,Entertainment
229,Technology
230,Entertainment
231,Science
232,Travel
233,Environment
234,Health
235,Environment
236,Politics
237,Health
238,Food
239,Fashion
240,Entertainment
241,Finance
242,Science
243,Health
244,Fashion
245,Environment
246,Science
247,Environment
248,Health
249,Sports
250,Technology
251,Health
252,Entertainment
253,Health
254,Education
255,Entertainment
256,Politics
257,Travel
258,Finance
259,Entertainment
260,Environment
261,Politics
262,Finance
263,Science
264,Food
265,Education
266,Politics
267,Fashion
268,Education
269,Health
270,Travel
271,Finance
272,Entertainment
273,Sports
274,Entertainment
275,Education
276,Health
277,Politics
278,Technology
279,Politics
280,Education
281,Education
282,Environment
283,Politics
284,Entertainment
285,Sports
286,Health
287,Fashion
288,Education
289,Travel
290,Fashion
291,Finance
292,Technology
293,Health
294,Travel
295,Environment
296,Travel
297,Politics
298,Environment
299,Education
300,Entertainment
301,Fashion
302,Education
303,Finance
304,Environment
305,Politics
306,Entertainment
307,Politics
308,Finance
309,Health
310,Fashion
311,Health
312,Travel
313,Environment
314,Education
315,Politics
316,Travel
317,Politics
318,Health
319,Health
320,Environment
321,Science
322,Travel
323,Sports
324,Education
325,Entertainment
326,Health
327,Travel
328,Travel
329,Science
330,Health
331,Politics
332,Environment
333,Fashion
334,Food
335,Politics
336,Fashion
337,Health
338,Entertainment
339,Fashion
340,Travel
341,Politics
342,Sports
343,Travel
344,Entertainment
345,Health
346,Fashion
347,Education
348,Finance
349,Travel
350,Health
351,Sports
352,Politics
353,Health
354,Finance
355,Sports
356,Education
357,Sports
358,Entertainment
359,Technology
360,Entertainment
361,Finance
362,Travel
363,Environment
364,Entertainment
365,Science
366,Health
367,Environment
368,Environment
369,Environment
370,Science
371,Politics
372,Health
373,Politics
374,Environment
375,Environment
376,Sports
377,Environment
378,Health
379,Health
380,Environment
381,Fashion
382,Education
383,Travel
384,Travel
385,Health
386,Travel
387,Science
388,Food
389,Food
390,Environment
391,Food
392,Environment
393,Politics
394,Politics
395,Health
396,Food
397,Politics
398,Health
399,Travel
400,Sports
401,Science
402,Environment
403,Education
404,Technology
405,Health
406,Health
407,Fashion
408,Fashion
409,Environment
410,Environment
411,Health
412,Finance
413,Finance
414,Science
415,Environment
416,Education
417,Politics
418,Health
419,Finance
420,Politics
421,Finance
422,Health
423,Technology
424,Health
425,Politics
426,Environment
427,Health
428,Travel
429,Politics
430,Science
431,Politics
432,Health
433,Politics
434,Sports
435,Education
436,Entertainment
437,Environment
438,Environment
439,Finance
440,Travel
441,Technology
442,Politics
443,Finance
444,Environment
445,Education
446,Health
447,Entertainment
448,Fashion
449,Health
450,Technology
451,Travel
452,Politics
453,Politics
454,Technology
455,Fashion
456,Entertainment
457,Environment
458,Fashion
459,Environment
460,Entertainment
461,Environment
462,Fashion
463,Environment
464,Education
465,Finance
466,Education
467,Health
468,Science
469,Health
470,Fashion
471,Education
472,Sports
473,Politics
474,Technology
475,Health
476,Travel
477,Environment
478,Sports
479,Health
480,Politics
481,Finance
482,Finance
483,Fashion
484,Entertainment
485,Politics
486,Technology
487,Environment
488,Fashion
489,Politics
490,Finance
491,Travel
492,Travel
493,Fashion
494,Politics
495,Food
496,Fashion
497,Environment
498,Environment
499,Education
500,Health
501,Travel
502,Finance
503,Finance
504,Health
505,Finance
506,Travel
507,Sports
508,Travel
509,Education
510,Technology
511,Science
512,Politics
513,Travel
514,Technology
515,Entertainment
516,Health
517,Finance
518,Science
519,Travel
520,Politics
521,Fashion
522,Environment
523,Fashion
524,Entertainment
525,Environment
526,Environment
527,Education
528,Technology
529,Education
530,Technology
531,Health
532,Fashion
533,Travel
534,Health
535,Education
536,Finance
537,Health
538,Health
539,Fashion
540,Entertainment
541,Science
542,Health
543,Environment
544,Environment
545,Travel
546,Travel
547,Entertainment
548,Entertainment
549,Environment
550,Politics
551,Finance
552,Health
553,Environment
554,Health
555,Travel
556,Science
557,Fashion
558,Fashion
559,Education
560,Fashion
561,Science
562,Entertainment
563,Travel
564,Science
565,Politics
566,Education
567,Travel
568,Science
569,Environment
570,Technology
571,Environment
572,Education
573,Environment
574,Food
575,Science
576,Fashion
577,Environment
578,Environment
579,Health
580,Health
581,Education
582,Finance
583,Entertainment
584,Sports
585,Entertainment
586,Travel
587,Politics
588,Sports
589,Sports
590,Technology
591,Entertainment
592,Entertainment
593,Travel
594,Technology
595,Health
596,Environment
597,Food
598,Health
599,Environment
600,Education
601,Politics
602,Technology
603,Sports
604,Finance
605,Science
606,Finance
607,Environment
608,Health
609,Politics
610,Travel
611,Environment
612,Health
613,Environment
614,Health
615,Travel
616,Science
617,Education
618,Environment
619,Entertainment
620,Technology
621,Health
622,Travel
623,Environment
624,Politics
625,Sports
626,Fashion
627,Education
628,Health
629,Education
630,Environment
631,Environment
632,Environment
633,Health
634,Health
635,Politics
636,Finance
637,Entertainment
638,Science
639,Education
640,Health
641,Environment
642,Health
643,Fashion
644,Education
645,Fashion
646,Politics
647,Fashion
648,Travel
649,Technology
650,Food
651,Fashion
652,Science
653,Environment
654,Politics
655,Environment
656,Science
657,Health
658,Fashion
659,Finance
660,Sports
661,Environment
662,Travel
663,Finance
664,Environment
665,Fashion
666,Health
667,Environment
668,Finance
669,Sports
670,Entertainment
671,Politics
672,Health
673,Sports
674,Politics
675,Science
676,Environment
677,Health
678,Health
679,Fashion
680,Finance
681,Food
682,Sports
683,Travel
684,Entertainment
685,Technology
686,Politics
687,Education
688,Environment
689,Politics
690,Health
691,Sports
692,Finance
693,Health
694,Environment
695,Education
696,Fashion
697,Technology
698,Finance
699,Fashion
700,Fashion
701,Health
702,Environment
703,Fashion
704,Technology
705,Travel
706,Environment
707,Health
708,Fashion
709,Sports
710,Politics
711,Travel
712,Food
713,Science
714,Sports
715,Politics
716,Politics
717,Travel
718,Environment
719,Science
720,Education
721,Fashion
722,Environment
723,Environment
724,Education
725,Finance
726,Health
727,Health
728,Environment
729,Technology
730,Environment
731,Politics
732,Fashion
733,Politics
734,Politics
735,Politics
736,Science
737,Entertainment
738,Politics
739,Entertainment
740,Environment
741,Technology
742,Food
743,Health
744,Politics
745,Technology
746,Travel
747,Travel
748,Politics
749,Politics
750,Fashion
751,Politics
752,Politics
753,Education
754,Travel
755,Technology
756,Politics
757,Finance
758,Fashion
759,Politics
760,Politics
761,Travel
762,Fashion
763,Environment
764,Politics
765,Technology
766,Fashion
767,Health
768,Fashion
769,Environment
770,Politics
771,Travel
772,Entertainment
773,Entertainment
774,Health
775,Travel
776,Education
777,Fashion
778,Travel
779,Entertainment
780,Health
781,Sports
782,Environment
783,Politics
784,Politics
785,Finance
786,Education
787,Entertainment
788,Politics
789,Technology
790,Fashion
791,Politics
792,Health
793,Environment
794,Health
795,Politics
796,Technology
797,Finance
798,Science
799,Entertainment
800,Environment
801,Environment
802,Fashion
803,Finance
804,Environment
805,Education
806,Entertainment
807,Education
808,Science
809,Politics
810,Politics
811,Science
812,Science
813,Fashion
814,Travel
815,Education
816,Environment
817,Sports
818,Finance
819,Fashion
820,Health
821,Health
822,Health
823,Sports
824,Health
825,Entertainment
826,Sports
827,Health
828,Health
829,Education
830,Politics
831,Fashion
832,Finance
833,Education
834,Education
835,Education
836,Education
837,Technology
838,Health
839,Environment
840,Politics
841,Technology
842,Health
843,Food
844,Entertainment
845,Sports
846,Entertainment
847,Environment
848,Politics
849,Travel
850,Science
851,Entertainment
852,Environment
853,Entertainment
854,Politics
855,Fashion
856,Food
857,Fashion
858,Technology
859,Fashion
860,Fashion
861,Fashion
862,Food
863,Politics
864,Technology
865,Science
866,Finance
867,Environment
868,Travel
869,Entertainment
870,Sports
871,Politics
872,Travel
873,Education
874,Travel
875,Health
876,Science
877,Environment
878,Health
879,Technology
880,Politics
881,Politics
882,Entertainment
883,Politics
884,Sports
885,Technology
886,Fashion
887,Sports
888,Education
889,Sports
890,Fashion
891,Entertainment
892,Environment
893,Environment
894,Health
895,Travel
896,Entertainment
897,Health
898,Entertainment
899,Entertainment
900,Environment
901,Food
902,Sports
903,Environment
904,Education
905,Education
906,Sports
907,Sports
908,Environment
909,Environment
910,Fashion
911,Travel
912,Education
913,Fashion
914,Travel
915,Fashion
916,Health
917,Finance
918,Travel
919,Environment
920,Fashion
921,Travel
922,Environment
923,Sports
924,Fashion
925,Politics
926,Travel
927,Health
928,Health
929,Education
930,Food
931,Technology
932,Health
933,Education
934,Travel
935,Finance
936,Environment
937,Science
938,Health
939,Sports
940,Environment
941,Environment
942,Fashion
943,Entertainment
944,Health
945,Travel
946,Food
947,Travel
948,Environment
949,Entertainment
950,Fashion
951,Education
952,Fashion
953,Technology
954,Health
955,Environment
956,Travel
957,Education
958,Food
959,Science
960,Finance
961,Environment
962,Education
963,Technology
964,Health
965,Fashion
966,Travel
967,Travel
968,Finance
969,Politics
970,Travel
971,Finance
972,Politics
973,Fashion
974,Education
975,Health
976,Food
977,Environment
978,Science
979,Fashion
980,Finance
981,Entertainment
982,Entertainment
983,Environment
984,Education
985,Education
986,Education
987,Travel
988,Education
989,Politics
990,Politics
991,Politics
992,Environment
993,Environment
994,Travel
995,Education
996,Travel
997,Finance
998,Politics
999,Science
1000,Environment
1001,Health
1002,Finance
1003,Finance
1004,Politics
1005,Entertainment
1006,Fashion
1007,Fashion
1008,Education
1009,Sports
1010,Health
1011,Food
1012,Travel
1013,Technology
1014,Education
1015,Fashion
1016,Fashion
1017,Politics
1018,Environment
1019,Politics
1020,Technology
1021,Environment
1022,Food
1023,Health
1024,Politics
1025,Sports
1026,Politics
1027,Environment
1028,Health
1029,Education
1030,Health
1031,Health
1032,Environment
1033,Fashion
1034,Fashion
1035,Environment
1036,Travel
1037,Finance
1038,Health
1039,Politics
1040,Fashion
1041,Health
1042,Education
1043,Health
1044,Environment
1045,Entertainment
1046,Finance
1047,Technology
1048,Environment
1049,Politics
1050,Health
1051,Technology
1052,Science
1053,Fashion
1054,Health
1055,Technology
1056,Travel
1057,Entertainment
1058,Health
1059,Fashion
1060,Environment
1061,Education
1062,Finance
1063,Health
1064,Entertainment
1065,Travel
1066,Fashion
1067,Science
1068,Fashion
1069,Food
1070,Food
1071,Fashion
1072,Politics
1073,Politics
1074,Technology
1075,Fashion
1076,Health
1077,Education
1078,Politics
1079,Travel
1080,Education
1081,Health
1082,Education
1083,Fashion
1084,Finance
1085,Politics
1086,Education
1087,Politics
1088,Travel
1089,Entertainment
1090,Politics
1091,Entertainment
1092,Environment
1093,Environment
1094,Politics
1095,Health
1096,Food
1097,Travel
1098,Politics
1099,Travel
1100,Health
1101,Environment
1102,Technology
1103,Science
1104,Technology
1105,Entertainment
1106,Environment
1107,Environment
1108,Travel
1109,Fashion
1110,Environment
1111,Travel
1112,Entertainment
1113,Entertainment
1114,Education
1115,Politics
1116,Environment
1117,Education
1118,Finance
1119,Fashion
1120,Politics
1121,Politics
1122,Food
1123,Health
1124,Science
1125,Education
1126,Education
1127,Finance
1128,Sports
1129,Travel
1130,Environment
1131,Entertainment
1132,Finance
1133,Food
1134,Health
1135,Entertainment
1136,Travel
1137,Food
1138,Health
1139,Science
